province,commune,tax_raised,taxes_forecast_score,number_personnel,procurement,meetings_held2,region,meeting_score,meetings_held,attendance_score,average_attendance,procurement_score,tax_score,taxes_forecast,commune_type,meeting_score2
COM,BANFORA,4551,9.4,7,95.0,0,CAS,5,4,10.0,251,17.0,15.9,98.19,Urbain,0
COM,BEREGADOUGOU,847,0.0,8,76.0,0,CAS,5,4,5.0,60,10.8,4.4,46.09,Rurale,0
COM,MANGODARA,117,0.0,4,76.0,0,CAS,4,3,10.0,186,10.8,1.8,26.15,Rurale,0
COM,MOUSSODOUGOU,330,0.0,3,95.0,0,CAS,5,4,1.2,56,17.0,2.4,36.06,Rurale,0
COM,NIANGOLOKO,1473,6.9,7,48.0,0,CAS,4,3,10.0,124,4.2,7.8,85.39,Urbain,0
COM,OUO,158,0.0,3,100.0,0,CAS,5,4,10.0,119,18.0,1.4,45.97,Rurale,0
COM,SIDERADOUGOU,293,1.4,9,84.0,0,CAS,5,4,10.0,225,11.2,2.5,62.84,Rurale,0
COM,SOUBAKANIEDOUGOU,1025,10.0,5,80.0,0,CAS,0,0,0.0,0,12.0,5.9,141.49,Rurale,0
COM,TIEFORA,168,0.0,6,92.0,0,CAS,5,4,10.0,135,14.6,1.3,30.31,Rurale,0
LER,DAKORO,139,3.7,6,80.0,0,CAS,4,3,0.3,33,12.0,1.6,71.39,Rurale,0
LER,DOUNA,2554,10.0,7,100.0,2,CAS,4,3,1.1,57,18.0,11.6,106.96,Rurale,4
LER,KANKALABA,232,10.0,5,98.0,0,CAS,4,3,1.5,50,16.4,2.8,157.18,Rurale,0
LER,LOUMANA,210,10.0,6,100.0,0,CAS,4,3,10.0,100,18.0,3.0,125.15,Rurale,0
LER,NIANKORODOUGOU,859,10.0,6,81.0,0,CAS,5,4,10.0,103,11.8,4.4,276.57,Rurale,0
LER,OUELENI,150,9.6,5,30.0,0,CAS,5,4,7.0,80,3.0,1.5,96.99,Rurale,0
LER,SINDOU,791,0.0,6,90.0,1,CAS,4,3,4.3,74,15.0,4.5,52.12,Urbain,2
LER,WOLONKOTO,16229,0,5,0.0,0,CAS,5,4,1.5,50,0.0,25.0,0,Rurale,0
BOU,BAGRE (TENKODOGO),2586,10.0,6,96.0,0,CE_E,4,3,0.4,32,16.8,11.5,104.31,Rurale,0
BOU,BANE,343,4.9,6,98.0,0,CE_E,5,4,4.3,74,16.4,2.3,75.41,Rurale,0
BOU,BEGUEDO,556,2.5,6,98.0,4,CE_E,5,4,0.1,39,16.4,3.2,67.62,Rurale,8
BOU,BISSIGA,920,3.4,7,100.0,0,CE_E,5,4,10.0,113,18.0,4.2,73.18,Rurale,0
BOU,BITTOU,0,7.6,7,85.0,0,CE_E,5,4,10.0,198,13.0,0,92.23,Urbain,0
BOU,BOUSSOUMA (GARANGO),522,9.0,7,65.0,0,CE_E,5,4,8.6,94,9.0,3.4,99.83,Rurale,0
BOU,GARANGO,495,5.1,7,71.0,0,CE_E,4,3,10.0,155,9.8,3.5,84.57,Urbain,0
BOU,KOMTOEGA,545,3.3,4,82.0,1,CE_E,5,4,6.5,85,11.6,3.3,73.28,Rurale,2
BOU,NIAOGO,416,10.0,6,94.0,0,CE_E,5,4,1.1,57,14.2,3.9,111.96,Rurale,0
BOU,TENKODOGO,828,5.3,8,86.0,0,CE_E,5,4,10.0,565,12.8,4.4,83.43,Urbain,0
BOU,ZABRE,537,0.0,5,100.0,0,CE_E,5,4,10.0,252,18.0,3.3,41.59,Rurale,0
BOU,ZOAGA,244,6.2,5,89.0,0,CE_E,1,1,1.0,20,12.2,2.8,88.97,Rurale,0
BOU,ZONSE,1555,4.4,3,90.0,0,CE_E,5,4,10.0,136,15.0,7.6,78.19,Rurale,0
KOUL,COMIN-YANGA,364,10.0,5,63.0,0,CE_E,5,4,10.0,221,7.4,2.2,177.88,Rurale,0
KOUL,DOURTENGA,1599,0.0,4,78.0,0,CE_E,4,3,4.7,67,10.4,7.5,16.66,Rurale,0
KOUL,LALGAYE,2792,0.0,7,95.0,0,CE_E,5,4,8.6,94,17.0,11.0,53.19,Rurale,0
KOUL,OUARGAYE,0,0.0,6,85.0,0,CE_E,5,4,10.0,100,13.0,0,31.09,Urbain,0
KOUL,SANGA,203,10.0,6,77.0,0,CE_E,5,4,10.0,179,10.6,3.0,120.95,Rurale,0
KOUL,SOUDOUGUI,198,10.0,7,73.0,0,CE_E,4,3,10.0,160,9.4,1.0,204.7,Rurale,0
KOUL,YARGATENGA,525,0,5,87.0,0,CE_E,5,4,6.3,87,12.6,3.4,0,Rurale,0
KOUL,YONDE,1007,4.4,5,100.0,0,CE_E,5,4,10.0,144,18.0,6.0,78.19,Rurale,0
KOUR,ANDEMTENGA,557,10.0,5,98.0,1,CE_E,5,4,10.0,164,16.4,3.2,108.83,Rurale,2
KOUR,BASKOURE,1501,9.0,5,85.0,2,CE_E,5,4,4.3,75,13.0,7.7,99.8,Rurale,4
KOUR,DIALGAYE,247,9.0,7,89.0,1,CE_E,5,4,10.0,187,12.2,2.8,99.89,Rurale,2
KOUR,GOUNGHIN,1004,10.0,8,98.0,1,CE_E,5,4,10.0,218,16.4,6.0,103.17,Rurale,2
KOUR,KANDO,631,10.0,3,97.0,1,CE_E,3,2,4.7,67,16.6,4.9,111.19,Rurale,2
KOUR,KOUPELA,2294,4.3,7,88.0,0,CE_E,5,4,10.0,266,12.4,10.5,78.46,Urbain,0
KOUR,POUYTENGA,2141,6.2,7,84.0,1,CE_E,4,3,10.0,138,11.2,9.3,89.03,Urbain,2
KOUR,TENSOBENTENGA,654,5.2,5,100.0,1,CE_E,5,4,10.0,155,18.0,4.9,84.23,Rurale,2
KOUR,YARGO,575,7.6,5,95.0,0,CE_E,5,4,10.0,119,17.0,3.1,91.9,Rurale,0
BAM,BOURZANGA,391,0,6,100.0,0,CE_N,5,4,10.0,250,18.0,2.0,0,Rurale,0
BAM,GUIBARE,1008,0,5,85.0,0,CE_N,4,3,4.2,76,13.0,6.0,0,Rurale,0
BAM,KONGOUSSI,2093,0,8,92.0,0,CE_N,5,4,10.0,394,14.6,9.5,0,Urbain,0
BAM,NASSERE,732,10.0,5,90.0,1,CE_N,5,4,10.0,100,15.0,4.7,140.09,Rurale,2
BAM,ROLLO,537,0,7,100.0,1,CE_N,5,4,10.0,131,18.0,3.3,0,Rurale,2
BAM,ROUKO,1540,0,2,100.0,0,CE_N,5,4,1.4,52,18.0,7.7,0,Rurale,0
BAM,SABCE,2744,5.7,5,65.0,1,CE_N,3,2,10.0,114,9.0,11.1,81.68,Rurale,2
BAM,TIKARE,1835,0,6,100.0,0,CE_N,5,4,10.0,206,18.0,8.8,0,Rurale,0
BAM,ZIMTENGA,432,1.4,5,70.0,0,CE_N,5,4,10.0,223,10.0,3.8,62.79,Rurale,0
NAM,BOALA,43,0.0,4,70.0,1,CE_N,5,4,6.3,87,10.0,0.0,27.1,Rurale,2
NAM,BOULSA,590,7.5,5,62.0,0,CE_N,5,4,10.0,251,7.6,3.0,92.47,Urbain,0
NAM,BOUROUM,216,10.0,5,100.0,0,CE_N,4,3,10.0,184,18.0,2.9,103.99,Rurale,0
NAM,DARGO,661,0,4,85.0,1,CE_N,5,4,10.0,104,13.0,4.8,0,Rurale,2
NAM,NAGBINGOU,0,7.4,5,100.0,0,CE_N,5,4,6.1,89,18.0,0,92.8,Rurale,0
NAM,TOUGOURI,309,10.0,4,95.0,0,CE_N,5,4,10.0,261,17.0,2.5,112.07,Rurale,0
NAM,YALGO,52,10.0,5,100.0,0,CE_N,5,4,5.0,61,18.0,0.0,112.11,Rurale,0
NAM,ZEGUEDEGUIN,0,6.2,4,98.0,3,CE_N,4,3,4.4,72,16.4,0,88.81,Rurale,6
SAN,BARSALOGHO,267,9.9,5,99.0,0,CE_N,5,4,10.0,334,16.2,2.7,95.3,Rurale,0
SAN,DABLO,209,0.0,4,95.0,0,CE_N,5,4,1.1,59,17.0,3.0,42.04,Rurale,0
SAN,KAYA,1194,5.1,7,99.0,0,CE_N,5,4,10.0,510,16.2,5.0,84.32,Urbain,0
SAN,KORSIMORO,524,10.0,8,92.0,0,CE_N,5,4,10.0,185,14.6,3.4,125.94,Rurale,0
SAN,MANE,282,10.0,5,68.0,0,CE_N,5,4,10.0,265,8.4,2.6,114.79,Rurale,0
SAN,NAMISSIGUIMA,2030,6.9,4,86.0,0,CE_N,4,3,1.1,58,12.8,9.8,85.38,Rurale,0
SAN,PENSA,753,0.0,3,100.0,3,CE_N,4,3,1.9,42,18.0,4.6,53.78,Rurale,6
SAN,PIBAORE,176,9.2,2,80.0,0,CE_N,4,3,10.0,145,12.0,1.2,98.97,Rurale,0
SAN,PISSILA,209,10.0,5,95.0,0,CE_N,5,4,10.0,379,17.0,3.0,108.66,Rurale,0
SAN,BOUSSOUMA (KAYA),1125,7.2,6,95.0,0,CE_N,3,2,10.0,235,17.0,5.4,94.08,Rurale,0
SAN,ZIGA,282,4.8,5,88.0,1,CE_N,5,4,10.0,134,12.4,2.6,75.91,Rurale,2
BAZ,DOULOUGOU,620,0,5,92.0,0,CE_S,5,4,10.0,215,14.6,5.0,0,Rurale,0
BAZ,GAONGO,715,0.0,6,62.0,0,CE_S,5,4,6.4,86,7.6,4.7,50.99,Rurale,0
BAZ,IPELCE,1226,0,5,100.0,3,CE_S,4,3,4.3,75,18.0,6.9,0,Rurale,6
BAZ,KAYAO,179,0,7,90.0,0,CE_S,4,3,10.0,124,15.0,1.2,0,Rurale,0
BAZ,KOMBISSIRI,1099,0.0,6,92.0,0,CE_S,5,4,10.0,401,14.6,5.5,35.55,Urbain,0
BAZ,SAPONE,1734,0,7,72.0,0,CE_S,5,4,10.0,218,9.6,7.2,0,Rurale,0
BAZ,TOECE,527,9.1,6,73.0,7,CE_S,4,3,10.0,223,9.4,3.4,99.71,Rurale,14
NAH,GUIARO,506,9.4,6,80.0,0,CE_S,3,2,0.0,12,12.0,3.5,97.98,Rurale,0
NAH,PO,1451,3.3,7,76.0,4,CE_S,4,3,10.0,167,10.8,7.9,73.67,Urbain,8
NAH,TIEBELE,1032,4.4,7,0.0,0,CE_S,5,4,10.0,411,0.0,5.8,77.96,Rurale,0
NAH,ZECCO,2814,10.0,6,75.0,0,CE_S,5,4,4.8,64,11.0,12.9,194.64,Rurale,0
NAH,ZIOU,1240,3.7,5,60.0,0,CE_S,3,2,6.4,86,8.0,6.8,71.35,Rurale,0
ZOU,BERE,1203,7.0,8,100.0,0,CE_S,4,3,10.0,123,18.0,7.0,94.99,Rurale,0
ZOU,BINDE,2249,9.2,7,98.0,1,CE_S,5,4,10.0,175,16.4,10.8,98.87,Rurale,2
ZOU,GOGO,433,0,6,63.0,1,CE_S,5,4,10.0,142,7.4,3.8,0,Rurale,2
ZOU,GOMBOUSSOUGOU,706,0,6,80.0,0,CE_S,5,4,10.0,174,12.0,4.7,0,Rurale,0
ZOU,GUIBA,313,0.0,7,66.0,0,CE_S,5,4,10.0,124,8.8,2.4,2.89,Rurale,0
ZOU,MANGA,2780,0,7,98.0,0,CE_S,5,4,10.0,114,16.4,11.1,0,Urbain,0
ZOU,NOBÃ‰RÃ‰,547,1.0,8,93.0,0,CE_S,4,3,10.0,157,14.4,3.3,64.85,Rurale,0
GAN,BOUDRY,507,10.0,6,75.0,0,PLA,5,4,10.0,400,11.0,3.5,106.63,Rurale,0
GAN,KOGHO,846,7.5,4,98.0,0,PLA,5,4,8.5,95,16.4,4.4,92.75,Rurale,0
GAN,MEGUET,899,9.8,4,100.0,0,PLA,5,4,10.0,119,18.0,4.3,95.9,Rurale,0
GAN,MOGTEDO,1668,0.0,6,100.0,0,PLA,5,4,10.0,165,18.0,7.3,49.75,Rurale,0
GAN,SALOGO,896,9.2,2,100.0,0,PLA,5,4,4.3,73,18.0,4.3,98.83,Rurale,0
GAN,ZAM,227,7.2,5,100.0,0,PLA,5,4,10.0,209,18.0,2.9,93.98,Rurale,0
GAN,ZORGHO,3431,9.1,7,100.0,0,PLA,5,4,10.0,231,18.0,13.1,99.52,Urbain,0
GAN,ZOUNGOU,388,5.7,2,75.0,0,PLA,5,4,10.0,163,11.0,2.1,81.58,Rurale,0
KOU,BOUSSE,662,0,6,79.0,0,PLA,5,4,10.0,111,10.2,4.8,0,Urbain,0
KOU,LAYE,1614,0,7,96.0,0,PLA,4,3,1.4,51,16.8,7.5,0,Rurale,0
KOU,NIOU,3287,0,7,93.0,0,PLA,5,4,10.0,129,14.4,13.4,0,Rurale,0
KOU,SOURGOUBILA,1021,0,7,86.0,0,PLA,5,4,10.0,104,12.8,5.9,0,Rurale,0
KOU,TOEGHIN,2906,0,8,85.0,1,PLA,4,3,10.0,103,13.0,12.5,0,Rurale,2
OUB,ABSOUYA,0,0,6,0.0,0,PLA,4,3,10.0,102,0.0,0,0,Rurale,0
OUB,DAPELOGO,397,5.4,10,90.0,0,PLA,4,3,10.0,126,15.0,2.0,83.15,Rurale,0
OUB,LOUMBILA,6562,0.0,7,89.0,1,PLA,5,4,10.0,201,12.2,19.9,47.57,Rurale,2
OUB,NAGREONGO,8148,10.0,8,92.0,0,PLA,5,4,10.0,129,14.6,25.0,117.59,Rurale,0
OUB,OURGOU-MANEGA,285,6.7,7,100.0,0,PLA,5,4,10.0,165,18.0,2.6,86.62,Rurale,0
OUB,ZINIARÃ‰,4321,7.4,7,98.0,0,PLA,5,4,10.0,333,16.4,14.4,92.93,Urbain,0
OUB,ZITENGA,633,2.2,8,87.0,2,PLA,5,4,10.0,281,12.6,4.9,69.22,Rurale,4
OUD,DEOU,492,3.1,7,39.65,3,SAH,4,3,4.1,78,3.0,3.5,74.72,Rurale,6
OUD,GOROM-GOROM,586,6.1,10,63.0,0,SAH,5,4,10.0,522,7.4,3.1,89.51,Urbain,0
OUD,MARKOYE,634,3.2,3,70.0,0,SAH,3,2,8.6,94,10.0,4.9,74.13,Rurale,0
OUD,OURSI,354,3.4,7,94.0,1,SAH,5,4,10.0,119,14.2,2.2,73.11,Rurale,2
OUD,TIN-AKOFF,194,0.0,6,100.0,1,SAH,4,3,9.0,90,18.0,1.1,55.31,Rurale,2
SEN,BANI,83,10.0,7,100.0,0,SAH,5,4,10.0,319,18.0,0.0,100.96,Rurale,0
SEN,DORI,897,9.1,8,80.0,0,SAH,5,4,10.0,528,12.0,4.3,99.67,Urbain,0
SEN,FALAGOUNTOU,384,10.0,8,75.0,0,SAH,4,3,4.2,76,11.0,2.1,100.8,Rurale,0
SEN,GORGADJI,288,10.0,8,100.0,0,SAH,4,3,4.0,79,18.0,2.6,100.59,Rurale,0
SEN,SAMPELGA,235,6.2,8,80.0,0,SAH,5,4,1.1,59,12.0,2.8,88.96,Rurale,0
SEN,SEYTENGA,952,10.0,8,95.0,0,SAH,4,3,10.0,160,17.0,4.1,102.47,Rurale,0
SOU,ARBINDA,0,0.0,7,97.0,0,SAH,5,4,10.0,255,16.6,0,52.02,Rurale,0
SOU,BARABOULE,330,10.0,5,95.0,0,SAH,5,4,10.0,137,17.0,2.4,141.56,Rurale,0
SOU,DIGUEL,479,10.0,5,65.0,0,SAH,3,2,0.6,28,9.0,3.6,190.6,Rurale,0
SOU,DJIBO,2846,10.0,8,87.0,0,SAH,5,4,10.0,196,12.6,12.8,110.52,Urbain,0
SOU,KELBO,197,1.4,7,80.0,0,SAH,5,4,6.9,81,12.0,1.0,63.2,Rurale,0
SOU,KOUTOUGOU,1227,4.6,5,76.0,0,SAH,5,4,8.9,91,10.8,6.9,77.03,Rurale,0
SOU,NASSOUMBOU,303,0.0,7,64.0,1,SAH,5,4,4.9,62,7.2,2.5,53.97,Rurale,2
SOU,POBE-MENGAO,836,9.0,6,50.0,0,SAH,5,4,6.6,84,6.0,4.4,99.96,Rurale,0
SOU,TONGOMAYEL,303,6.5,6,63.0,0,SAH,4,3,10.0,199,7.4,2.5,87.39,Rurale,0
YAG,BOUNDORE,127,0.0,5,65.0,0,SAH,4,3,10.0,103,9.0,1.7,57.85,Rurale,0
YAG,MANSILA,21,4.1,6,70.0,0,SAH,3,2,4.2,76,10.0,0.0,79.68,Rurale,0
YAG,SEBBA,1681,10.0,6,28.0,1,SAH,4,3,10.0,124,1.2,7.3,102.43,Urbain,2
YAG,SOLHAN,159,3.0,5,95.0,0,SAH,4,3,1.6,49,17.0,1.4,74.91,Rurale,0
YAG,TANKOUGOUNADIE,0,4.1,4,70.0,0,SAH,4,3,5.0,61,10.0,0,79.7,Rurale,0
YAG,TITABE,125,5.9,5,90.0,0,SAH,3,2,1.7,46,15.0,1.8,80.63,Rurale,0
